{
    "Ar36": {
        "error": 0.0022523868253754541, 
        "fit": "parabolic", 
        "value": 0.019850083906971176
    }, 
    "Ar37": {
        "error": 0.14337353696184538, 
        "fit": "linear", 
        "value": -0.10342039003317335
    }, 
    "Ar38": {
        "error": 0.1461450540067033, 
        "fit": "linear", 
        "value": 0.018227819039433948
    }, 
    "Ar39": {
        "error": 0.068829870508551438, 
        "fit": "parabolic", 
        "value": 12.171874429136459
    }, 
    "Ar40": {
        "error": 0.60721018633207724, 
        "fit": "parabolic", 
        "value": 2184.2102390601267
    }, 
    "Ar41": {
        "error": 0.12195743589624868, 
        "fit": "average_SEM", 
        "value": 0.2541197385150008
    }
}