{
    "Ar36": {
        "error": 0.00081659941111155202, 
        "fit": "parabolic", 
        "value": 0.00049429315268654573
    }, 
    "Ar37": {
        "error": 0.13454936925053335, 
        "fit": "linear", 
        "value": -0.093325901133806191
    }, 
    "Ar38": {
        "error": 0.12591092220647043, 
        "fit": "linear", 
        "value": -0.071885868121466676
    }, 
    "Ar39": {
        "error": 0.057602149596292326, 
        "fit": "parabolic", 
        "value": -0.021540997648234306
    }, 
    "Ar40": {
        "error": 0.13165243751437086, 
        "fit": "parabolic", 
        "value": 0.20606701852416703
    }, 
    "Ar41": {
        "error": 0.12380850221429578, 
        "fit": "average_SEM", 
        "value": -0.35309641694417221
    }
}