{
    "Ar36": {
        "error": 0.0008870932837756623, 
        "fit": "parabolic", 
        "value": 0.00091159139392260992
    }, 
    "Ar37": {
        "error": 0.1382222914660689, 
        "fit": "linear", 
        "value": -0.024377721717287644
    }, 
    "Ar38": {
        "error": 0.12607115712733449, 
        "fit": "linear", 
        "value": -0.063453620780464931
    }, 
    "Ar39": {
        "error": 0.05871810630888203, 
        "fit": "parabolic", 
        "value": 0.0028596636361906186
    }, 
    "Ar40": {
        "error": 0.1352901026222863, 
        "fit": "parabolic", 
        "value": 0.17973217986843462
    }, 
    "Ar41": {
        "error": 0.12625263076270052, 
        "fit": "average_SEM", 
        "value": -0.091936526187637355
    }
}