{
    "Ar36": {
        "error": 0.0031544073017687468, 
        "fit": "parabolic", 
        "value": 0.052644540915792487
    }, 
    "Ar37": {
        "error": 0.14301279315890866, 
        "fit": "linear", 
        "value": -0.0753386989739524
    }, 
    "Ar38": {
        "error": 0.16791553838992648, 
        "fit": "linear", 
        "value": 0.0082207021158839516
    }, 
    "Ar39": {
        "error": 0.067911466602727413, 
        "fit": "parabolic", 
        "value": 8.8422883467791173
    }, 
    "Ar40": {
        "error": 0.52264583413622512, 
        "fit": "parabolic", 
        "value": 1606.2652687326095
    }, 
    "Ar41": {
        "error": 0.12442876957813283, 
        "fit": "average_SEM", 
        "value": 0.24722343130037189
    }
}