{
    "Ar36": {
        "error": 0.0031096184465408262, 
        "fit": "parabolic", 
        "value": 0.067686914742799698
    }, 
    "Ar37": {
        "error": 0.12608181516574302, 
        "fit": "linear", 
        "value": 0.028842585388766606
    }, 
    "Ar38": {
        "error": 0.12822233172166256, 
        "fit": "linear", 
        "value": 0.01920502192534156
    }, 
    "Ar39": {
        "error": 0.060130543589076012, 
        "fit": "parabolic", 
        "value": 6.7520652675240465
    }, 
    "Ar40": {
        "error": 0.44571400462253141, 
        "fit": "parabolic", 
        "value": 1231.4615184959414
    }, 
    "Ar41": {
        "error": 0.14282601412681462, 
        "fit": "average_SEM", 
        "value": -0.031544551487313582
    }
}