{
    "Ar36": {
        "error": 0.0018951412760013764, 
        "fit": "parabolic", 
        "value": 0.01116920624285778
    }, 
    "Ar37": {
        "error": 0.14443970511764134, 
        "fit": "linear", 
        "value": -0.02448807986406493
    }, 
    "Ar38": {
        "error": 0.12634395880470756, 
        "fit": "linear", 
        "value": 0.045774112397072422
    }, 
    "Ar39": {
        "error": 0.067550372711670803, 
        "fit": "parabolic", 
        "value": 12.620818803460288
    }, 
    "Ar40": {
        "error": 0.6006469622485513, 
        "fit": "parabolic", 
        "value": 2291.2803657546078
    }, 
    "Ar41": {
        "error": 0.12603528299590031, 
        "fit": "average_SEM", 
        "value": 0.21004552844271529
    }
}